country,longitude,latitude
FR Germany,10.451526,51.165691
Sweden,18.643501,60.128161
Belgium,4.469936,50.503887
Great Britain,-3.435973,55.378051
Netherlands,5.291266,52.132633
France,2.213749,46.227638
Australia,133.775136,-25.274398
Korea,127.766922,35.907757
Finland,25.748151,61.92411
Italy,12.56738,41.87194
Japan,138.252924,36.204824
Germany,10.451526,51.165691
Spain,-3.74922,40.463667
Poland,19.145136,51.919438
United States of America,-95.712891,37.09024
China,104.195397,35.86166
Czech Republic,15.472962,49.817492
Russia,105.318756,61.52401
Iran,53.688046,32.427908
Mexico,-102.552784,23.634501
Denmark,9.501785,56.26392
Canada,-106.346771,56.130366
Switzerland,8.227512,46.818188
Portugal,-8.224454,39.399872
Ireland,-8.24389,53.41291
Austria,14.550072,47.516231
Hong Kong,114.109497,22.396428
Thailand,100.992541,15.870032
Belarus,27.953389,53.709807
Cuba,-77.781167,21.521757
Venezuela,-66.58973,6.42375
Ukraine,31.16558,48.379433
Tunisia,9.537499,33.886917
Brazil,-51.92528,-14.235004
Azerbaijan,47.576927,40.143105
South Africa,22.937506,-30.559482
Uzbekistan,64.585262,41.377491
Colombia,-74.297333,4.570868
Israel,34.851612,31.046051
Hungary,19.503304,47.162494
New Zealand,174.885971,-40.900557
Czech Republic,15.472962,49.817492
Kuwait,47.481766,29.31166
Yugoslavia,21.005859,44.016521
Norway,8.468946,60.472024
USSR,105.318756,61.52401
Jamaica,-77.297508,18.109581
Slovakia,19.699024,48.669026
Chinese Taipei,120.960515,23.69781
Nigeria,8.675277,9.081999
Jordan,36.238414,30.585164
Turkey,35.243322,38.963745
Croatia,15.2,45.1
Serbia,21.005859,44.016521
Bosnia and Herzegovina,17.679076,43.915886
Egypt,30.802498,26.820553
Mongolia,103.846656,46.862496
Malaysia,101.975766,4.210484
Greece,21.824312,39.074208
Luxembourg,6.129583,49.815273
Sudan,30.217636,12.862807
Kenya,37.906193,-0.023559
Bahamas,-77.39628,25.03428
Argentina,-63.616672,-38.416097
Zimbabwe,29.154857,-19.015438
Bahrain,50.637772,25.930414
Iceland,-19.020835,64.963051
Burma,95.956223,21.913965
East Germany,10.451526,51.165691
India,78.96288,20.593684
Trinidad and Tobago,-61.222503,10.691803
Indonesia,113.921327,-0.789275
Bulgaria,25.48583,42.733883
Puerto Rico,-66.590149,18.220833
Panama,-80.782127,8.537981
Slovenia,14.995463,46.151241
Iraq,43.679291,33.223191
Lithuania,23.881275,55.169438
Estonia,25.013607,58.595272
Serbia,21.005859,44.016521
Algeria,1.659626,28.033886
Uruguay,-55.765835,-32.522779
Dominican Republic,-70.162651,18.735693
Côte Ivoire,-5.54708,7.539989
Côte Ivoire,-5.54708,7.539989
Moldova,28.369885,47.411631
United Arab Emirates,53.847818,23.424076
Latvia,24.603189,56.879635
Palestine,35.233154,31.952162
Angola,17.873887,-11.202692
Rwanda,29.873888,-1.940278
Morocco,-7.09262,31.791702
Serbia,21.005859,44.016521
Botswana,24.684866,-22.328474
Papua New Guinea,143.95555,-6.314993
Cyprus,33.429859,35.126413
Saudi Arabia,45.079162,23.885942
Pakistan,69.345116,30.375321
Namibia,18.49041,-22.95764
Sri Lanka,80.771797,7.873054
Ethiopia,40.489673,9.145
Chile,-71.542969,-35.675147
Fiji,179.414413,-16.578193
Cabo Verde,-24.013197,16.002082
Uganda,32.290275,1.373333
Qatar,51.183884,25.354826
Vietnam,108.277199,14.058324
Mozambique,35.529562,-18.665695
Libya,17.228331,26.3351
Philippines,121.774017,12.879721
Laos,102.495496,19.85627
Syria,38.996815,34.802075
Kazakhstan,66.923684,48.019573
Faroe Islands,-6.911806,61.892635
Peru,-75.015152,-9.189967
Singapore,103.819836,1.352083
